{"cameraMode":{"drawMode":0,"name":"Shaded","section":"Shading Mode"},"sceneLighting":true,"audioPlay":false,"sceneViewState":{"m_AlwaysRefresh":false,"showFog":true,"showSkybox":true,"showFlares":true,"showImageEffects":true,"showParticleSystems":true,"showVisualEffectGraphs":true,"m_FxEnabled":true},"in2DMode":false,"pivot":{"x":-1.7977064847946168,"y":0.9828747510910034,"z":1.5169475078582764},"rotation":{"x":-0.40858420729637148,"y":-0.00027554124244488776,"z":0.00012989107926841825,"w":-0.9127051830291748},"size":6.244658470153809,"orthographic":false}